id,name,guild_id,user_id,extension
2,a,474935164451946506,383358222972616705,mp3
3,aaa,474935164451946506,383358222972616705,mp3
4,abissi,474935164451946506,383358222972616705,mp3
5,abisso,474935164451946506,383358222972616705,mp3
6,agonia,474935164451946506,383358222972616705,mp3
7,amici,474935164451946506,383358222972616705,mp3
8,ancora,474935164451946506,383358222972616705,mp3
9,apri,474935164451946506,383358222972616705,mp3
10,arcus,474935164451946506,383358222972616705,mp3
11,arpione,474935164451946506,383358222972616705,mp3
12,bambilly,474935164451946506,383358222972616705,mp3
13,basta,474935164451946506,383358222972616705,mp3
14,bebel,474935164451946506,383358222972616705,mp3
15,bill,474935164451946506,383358222972616705,opus
16,bla,474935164451946506,383358222972616705,mp3
17,blbl,474935164451946506,383358222972616705,mp3
18,ble,474935164451946506,383358222972616705,mp3
19,bongo,474935164451946506,383358222972616705,opus
20,bosun,474935164451946506,383358222972616705,opus
21,butumbele,474935164451946506,383358222972616705,mp3
22,chi ha parlato,474935164451946506,383358222972616705,mp3
23,chiuu,474935164451946506,383358222972616705,mp3
24,choryon,474935164451946506,383358222972616705,mp3
25,cigolio,474935164451946506,383358222972616705,mp3
26,cioccolata,474935164451946506,383358222972616705,mp3
27,citta di,474935164451946506,383358222972616705,mp3
28,codem,474935164451946506,383358222972616705,opus
29,combo,474935164451946506,383358222972616705,mp3
30,combo2,474935164451946506,383358222972616705,mp3
31,dep,474935164451946506,383358222972616705,mp3
32,diamanti,474935164451946506,383358222972616705,mp3
33,dispenser,474935164451946506,383358222972616705,mp3
34,dudu,474935164451946506,383358222972616705,mp3
35,eee,474935164451946506,383358222972616705,mp3
36,eprot,474935164451946506,383358222972616705,mp3
37,esattamente,474935164451946506,383358222972616705,mp3
38,ez,474935164451946506,383358222972616705,mp3
39,faker,474935164451946506,383358222972616705,mp3
40,faker 2,474935164451946506,383358222972616705,mp3
41,fart,474935164451946506,383358222972616705,mp3
42,fart ex,474935164451946506,383358222972616705,mp3
43,felice,474935164451946506,383358222972616705,mp3
44,fnaf,474935164451946506,383358222972616705,mp3
45,foglie,474935164451946506,383358222972616705,mp3
46,gasolina,474935164451946506,383358222972616705,mp3
47,gg,474935164451946506,383358222972616705,mp3
48,gooba,474935164451946506,383358222972616705,mp3
49,goofy,474935164451946506,383358222972616705,mp3
50,grillo,474935164451946506,383358222972616705,mp3
51,hakai,474935164451946506,383358222972616705,mp3
52,hasagi,474935164451946506,383358222972616705,mp3
53,haserio,474935164451946506,383358222972616705,mp3
54,igeton,474935164451946506,383358222972616705,mp3
55,il muro,474935164451946506,383358222972616705,mp3
56,impara,474935164451946506,383358222972616705,opus
57,interogation,474935164451946506,383358222972616705,mp3
58,iven,474935164451946506,383358222972616705,mp3
59,kaseton,474935164451946506,383358222972616705,mp3
60,letto,474935164451946506,383358222972616705,mp3
61,mama,474935164451946506,383358222972616705,mp3
62,mama2,474935164451946506,383358222972616705,opus
63,mama3,474935164451946506,383358222972616705,opus
64,marea,474935164451946506,383358222972616705,mp3
65,masenko,474935164451946506,383358222972616705,mp3
66,merio,474935164451946506,383358222972616705,mp3
67,motodirix,474935164451946506,383358222972616705,mp3
68,nave,474935164451946506,383358222972616705,wav
69,non fai ridere,474935164451946506,383358222972616705,mp3
70,notch,474935164451946506,383358222972616705,mp3
71,nuova vita,474935164451946506,383358222972616705,opus
72,offline,474935164451946506,383358222972616705,mp3
73,oggi no,474935164451946506,383358222972616705,mp3
74,oggy1,474935164451946506,383358222972616705,mp3
75,oggy2,474935164451946506,383358222972616705,mp3
76,oggy3,474935164451946506,383358222972616705,mp3
77,oggy4,474935164451946506,383358222972616705,mp3
78,olio,474935164451946506,383358222972616705,mp3
79,ooo,474935164451946506,383358222972616705,mp3
80,operativo,474935164451946506,383358222972616705,mp3
81,osai,474935164451946506,383358222972616705,mp3
82,ossa,474935164451946506,383358222972616705,mp3
83,parchetto,474935164451946506,383358222972616705,opus
84,pd,474935164451946506,383358222972616705,mp3
85,pd2,474935164451946506,383358222972616705,mp3
86,perche,474935164451946506,383358222972616705,mp3
87,perfezione,474935164451946506,383358222972616705,mp3
88,pirati,474935164451946506,383358222972616705,opus
89,piru,474935164451946506,383358222972616705,mp3
90,pizza,474935164451946506,383358222972616705,opus
91,purupu,474935164451946506,383358222972616705,mp3
92,scongiuro,474935164451946506,383358222972616705,mp3
93,shhh,474935164451946506,383358222972616705,mp3
94,somalisurvey,474935164451946506,383358222972616705,mp3
95,sot,474935164451946506,383358222972616705,opus
96,spalaglia,474935164451946506,383358222972616705,opus
97,swampsong,474935164451946506,383358222972616705,opus
98,tigre,474935164451946506,383358222972616705,mp3
99,tilt,474935164451946506,383358222972616705,mp3
100,tristana,474935164451946506,383358222972616705,mp3
101,uomini e polvere,474935164451946506,383358222972616705,mp3
102,vecchi,474935164451946506,383358222972616705,opus
103,woso,474935164451946506,383358222972616705,mp3
104,wukongu,474935164451946506,383358222972616705,mp3
105,ye,474935164451946506,383358222972616705,mp3
106,ye felice,474935164451946506,383358222972616705,mp3
107,ye felice 2,474935164451946506,383358222972616705,mp3
108,zeg,474935164451946506,383358222972616705,mp3
109,zeg2,474935164451946506,383358222972616705,mp3
110,zeg3,474935164451946506,383358222972616705,mp3
111,inno,474935164451946506,389059345482121227,opus
112,amogus,474935164451946506,440489230968553472,mp3
113,bou,474935164451946506,440489230968553472,mp3
114,gheros,474935164451946506,440489230968553472,mp3
115,hah,474935164451946506,440489230968553472,mp3
116,masenko2,474935164451946506,440489230968553472,mp3
117,masenko3,474935164451946506,440489230968553472,mp3
118,masenko4,474935164451946506,440489230968553472,mp3
119,napoli,474935164451946506,440489230968553472,mp3
120,nucleare,474935164451946506,440489230968553472,mp3
121,nuovavitainsane,474935164451946506,440489230968553472,mp3
122,nut,474935164451946506,440489230968553472,mp3
123,apri,608967318789160970,383358222972616705,mp3
124,frake,608967318789160970,383358222972616705,mp3
125,masenko2,608967318789160970,383358222972616705,mp3
126,igaso,676530982169608192,440489230968553472,mp3
127,annodam,981936477225242734,383358222972616705,mp3
1,28d,474935164451946506,383358222972616705,mp3
135,ancora dai,876606568412639272,440489230968553472,mp3
136,giampyasuo,474935164451946506,383358222972616705,mp3
137,aaaa,474935164451946506,383358222972616705,mp3
138,il sole,474935164451946506,383358222972616705,mp3
139,extremeblbl,474935164451946506,383358222972616705,mp3
140,gigachad,474935164451946506,383358222972616705,opus
141,deh,474935164451946506,440489230968553472,mp3
